sep=;
O incentivo do governo e dos médicos à vacinação é somente para dar lucro à indústria farmacêutica.;Falsa
Anvisa aprova uso emergencial do Paxlovid, antiviral da Pfizer contra a Covid.;Verdadeira
A vacina da rubéola causou a microcefalia em bebês ao ser aplicada em gestantes.;Falsa
Existem várias patentes relacionadas aos coronavírus, incluindo o SARS-CoV-2, que causa a Covid-19. Essas patentes, no entanto, não significam que o vírus tenha sido manipulado ou criado por um ser humano. De acordo com a Organização Mundial da Saúde (OMS), as patentes dos vírus dizem respeito ao registro da pessoa ou instituição que os identificaram pela primeira vez.;Verdadeira
Pessoas não vacinadas formam mais autodefesas.;Falsa
Médica infectologista do Instituto de Infectologia Emílio Ribas, em São Paulo afirmação que a prevenção de doenças é uma das maneiras mais eficazes de reduzir gastos no setor público.;Verdadeira
Crianças sem vacina são crianças sem autismo.;Falsa
Gestantes não tomam a vacina da rubéola no Brasil. A recomendação é que a imunização seja realizada na infância.;Verdadeira
O Ministério Público proíbe a vacinação contra HPV em todo o país.;Falsa
Cada organismo pode reagir a uma doença de forma diferente. Optar por não se prevenir significa correr o risco de enfrentar as complicações decorrentes do contato com um determinado vírus ou bactéria.;Verdadeira
Existem mais de 30 subtipos virais de HPV e a vacina só protege contra dois deles.;Falsa
"A tese de que a combinação das vacinas contra sarampo, caxumba e rubéola pode resultar no desenvolvimento do autismo foi desmentida e retratada pela revista cientifica “The Lancet"" em 2010.";Verdadeira
A vacina fracionada contra a febre amarela não tem o mesmo efeito.;Falsa
No Brasil, em 2015 o Ministério Público Federal ajuizou ação civil pública para suspender a oferta da vacina contra o HPV, mas o pedido foi negado pela Justiça Federal por considerar os argumentos frágeis e sem comprovação.;Verdadeira
O mercúrio presente nas vacinas é 25 mil vezes superior ao permitido.;Falsa
A utilização da vacinação contra o HPV na prevenção do câncer de colo de útero é apoiada pela Organização Mundial da Saúde (OMS) e o Centro de Controle e Prevenção de Doenças (CDC).;Verdadeira
Mesmo que um adulto tenha tomado a vacina contra o sarampo na infância, deve receber outra dose.;Falsa
A atual vacina da HPV tem proteção contra as quatro variações do vírus que mais circulam no Brasil. Dos quase 200 tipos de HPV.;Verdadeira
Imunidade natural. Essa daí foi que Deus fez, com teu DNA intacto. Se você tem imunidade natural sustentada, se você teve a doença, se recuperou, tem todos os anticorpos quanto as 29 proteínas do vírus SARS-CoV2. Meu amigo, você tem o cartão ouro, pode passar em qualquer lugar que você não pega doença de ninguém e não passa para ninguém.;Falsa
A vacina fracionada contra a febre amarela tem o mesmo efeito da vacinação completa pelo período de 8 anos.;Verdadeira
Testes da Pfizer: Todas as mães injetadas perderam seus bebês ainda não nascidos.;Falsa
A vacina oferecida pelo Sistema Único de Saúde tem proteção contra três tipos do vírus Influenza: H1N1, H3N2 e influenza B. Mas não contra outras variantes.;Verdadeira
Canal alemão exibiu cadáveres falsos para noticiar mortes pela variante ômicron.;Falsa
É importante destacar ainda que o Timerosal não está presente em todas as vacinas no Brasil, apenas nos tipos multidose.;Verdadeira
Criança morre em João Pessoa após tomar vacina!;Falsa
De acordo com o diretor da Divisão de Ensaios Clínicos e Farmacologia do Instituto Butantan, em São Paulo, a quantidade de Timerosal presente nas vacinas é muito pequena e rapidamente metabolizada pelo organismo.;Verdadeira
Reportagem mostra o momento em que um corpo estendido no chão e coberto por um saco plástico se mexe enquanto um repórter fala ao vivo para uma câmera de televisão.;Falsa
Uma vez que a vacinação é feita de maneira correta na infância, não é necessário repeti-la na fase adulta.;Verdadeira
CDC dos EUA registrada 12 mil mortes relacionadas a vacinas contra Covid-19.;Falsa
Vitamina D x Covid: estudo associa déficit a casos graves, mas 'reforço' segue sem utilidade. entenda.;Verdadeira
Morte de pessoa com três doses de vacina seria pior se não tivesse sido imunizada.;Falsa
Vacina contra Covid: governo avalia adotar quarta dose para idosos.;Verdadeira
Protesto de 2 milhões de pessoas contra passaporte sanitário é realizado no Canadá.;Falsa
Reforço da Pfizer após CoronaVac aumenta eficácia para 92,7%, aponta estudo com dados brasileiros na 'Nature'.;Verdadeira
Especialistas afirmaram que o uso da máscara causou danos ao cérebro das pessoas.;Falsa
Vacina para Covid-19: Ministério da Saúde recomenda 4 doses para adolescentes imunossuprimidos.;Verdadeira
Repórter confronta governador sobre vacinação de suas filhas.;Falsa
Prioridade da vacinação contra Covid-19 é aplicar duas doses mais reforço, diz Sociedade Brasileira de Infectologia.;Verdadeira
Membro da família Rothschild patenteou teste para Covid-19 em 2015.;Falsa
Vacinação mudou o perfil de internados e mortos pela Covid-19 no Brasil, aponta estudo.;Verdadeira
Mortes ou sequelas relacionadas às vacinas não são notificadas.;Falsa
Covid-19: média móvel de mortes segue acima de 800. Curva de casos conhecidos entra em queda após mais de 40 dias.;Verdadeira
Os não vacinados estão proibidos de voar pelas empresas aéreas em todos os países;Falsa
Ministério da Saúde e Pfizer fecham aditivo por 2 milhões de doses pediátricas adicionais.;Verdadeira
Vacina não imuniza, não vacinados não afetam a saúde de um vacinado.;Falsa
No Brasil, qualquer reação adversa ou suspeita de problema em relação à vacina da Covid-19 pode ser notificada para a Agência Nacional de Vigilância Sanitária (Anvisa), por meio da plataforma VigiMed. Os casos suspeitos depois são analisados para identificar uma possível relação causal entre o evento relatado e o imunizante. Outros países também têm sistemas para que os cidadãos possam relatar suspeitas de reações após as vacinas.;Verdadeira
Se o vírus é natural e não foi manipulado, por que tem uma patente?;Falsa
Não são todos os países que exigem certificado de vacinação para autorizar a entrada de visitantes. Também não são todas as companhias aéreas que exigem esse comprovante.;Verdadeira
Estamos com a segurança nacional ameaçada. O sistema de saúde simplesmente não está informando, né, o Ministério da Saúde não está informando sobre os riscos de inoculação desses produtos. E nós temos crianças e jovens, adolescentes em risco de vida;Falsa
As vacinas contra a Covid-19 disponíveis atualmente fornecem proteção, ou seja, imunizam contra formas graves da doença, hospitalização e morte. Embora não sejam 100% efetivos para prevenir a infecção.;Verdadeira
Os representantes de sociedades de pediatria, de imunizações e de infectologia aqui literalmente estão mentindo para a população em rede nacional, isso é inacreditável.;Falsa
A variante ômicron do novo coronavírus foi identificada pela primeira vez em 25 de novembro de 2021. Em uma consulta ao site de varejo Amazon, as primeiras obras editoriais específicas sobre essa variante do SARS-CoV-2 foram publicadas a partir do dia 28 de novembro do ano passado — em geral e-books (livros digitais) sem respaldo científico e com pouquíssimas páginas.;Verdadeira
Ouvimos mentiras do tipo de 25% dos casos de Covid-19 são de crianças.;Falsa
O novo coronavírus já foi isolado e sequenciado diversas vezes desde que os primeiros casos foram identificados em dezembro de 2019. Além disso, os primeiros coronavírus foram descobertos no século passado. As novas variantes do SARS-CoV-2, como a delta e a ômicron, por exemplo, só foram identificadas por meio de sequenciamento genético.;Verdadeira
Garotinha faleceu aqui em Maceió. Encefalite 3 dias após a vacina;Falsa
O SARS-CoV-2 foi isolado e sequenciado apenas dias depois de os primeiros casos de pacientes com sintomas respiratórios terem sido identificados na China, em dezembro de 2019. Já em 7 de janeiro de 2020, a cepa de referência do SARS-CoV-2 foi amostrada de um paciente de Wuhan. De lá para cá, os genomas do vírus vêm sendo sequenciados e compartilhados em uma “velocidade sem precedentes”, segundo a OMS.;Verdadeira
Forças armadas dos EUA prendem juíza da suprema corte suspeita de aceitar subornos para aprovar mandatos de vacinação.;Falsa
A OMS também não prevê nenhum protocolo que envolva o uso de radiação nos corpos de pessoas que morreram de Covid-19.;Verdadeira
Senador aproveita o Carnaval sem máscara.;Falsa
De acordo com a OMS, a existência de uma pandemia não tem relação direta com a taxa de letalidade, que pode ser alta ou baixa dependendo da doença (1%, 2%, 10%, 50% etc.). Na verdade, está relacionada ao contexto no qual existe um risco potencial de transmissão da doença em nível global.;Verdadeira
Proteína spike da vacina contra Covid-19 cause trombose e imunizados devem fazer exame dímero-D semanalmente.;Falsa
Uma pandemia é caracterizada quando uma enfermidade se dissemina e afeta pessoas em todos os lugares do mundo. A pandemia da Covid-19 foi declarada pela OMS em 11 de março de 2020, quando o novo coronavírus já havia se espalhado e infectado pessoas em vários continentes.;Verdadeira
Rainha da Inglaterra toma ivermectina para tratar Covid.;Falsa
Tanto a Agência Nacional de Vigilância Sanitária (Anvisa) quanto o Ministério da Saúde informam sobre os riscos e benefícios das vacinas em adultos e crianças. A Anvisa, por exemplo, disponibiliza em sua página a bula de todas as vacinas contra a Covid-19 aprovadas para uso no Brasil. Em geral, os efeitos colaterais são leves e incluem dores musculares, dor no local da injeção e febre, entre outros.;Verdadeira
Homem se levanta no necrotério após ter sido dado como morto por COVID em um hospital na cidade de Parauapebas (PA)!;Falsa
Dados dos Boletins Epidemiológicos do Ministério da Saúde mostram que, pelo menos, 36.354 crianças e adolescentes com entre 0 e 19 anos foram internadas com Covid-19 desde o início da pandemia.;Verdadeira
A Pfizer pagou US$ 2,8 milhões ao FDA pela “aprovação” das suas picadas milagrosas. Quanto deve ter rolado para a Anvisa fechar os olhos?;Falsa
Em janeiro, a Academia Americana de Pediatria (AAP) alertou que, na semana entre 13 e 20 de janeiro de 2022, as crianças representaram 25,5% do total de casos da doença relatados nos Estados Unidos.;Verdadeira
Campanha de vacinação contra Influenza começa dia 23 de março no DF.;Falsa
Vacinação contra a Covid: 72,5% da população está totalmente imunizada;Verdadeira
Não tem comprovação científica ainda. Tanto é que a Pfizer diz que os efeitos colaterais da mesma só serão conhecidos no final de 2024.;Falsa
Superimunidade' nos protege contra infecções.;Verdadeira
Em 2020, não tinha vacina para vender para o Brasil.;Falsa
Mais de 6 milhões de pessoas morreram de Covid-19 no mundo, diz levantamento;Verdadeira
OVNIs atacaram tanques russos após pedido de intervenção divina.;Falsa
Máscaras deixam de ser obrigatórias no Rio de Janeiro.;Verdadeira
Um Boeing 737 acabou de cair no sul da China. Este foi um dos últimos momentos registrados no avião. Talvez o único momento.;Falsa
Sete cidades da Grande BH permanecem com a obrigatoriedade da máscara em todos os locais.;Verdadeira
Sabia que estão cancelando o Título de quem tem mais de 70 anos?  Tirei uma certidão negativa do Cartório eleitoral, diz que não devo nada. Mas no rodapé da página diz que a inscrição foi cancelada. Quem tem mais de 70 anos deve verificar se esta tudo em ordem com seu título.  Agora vão cancelar os títulos, porque sabem que são. Milhões de pessoas aposentadas que podem votar no Bolsonaro.;Falsa
Reino Unido monitora 3 recombinações do SARS-CoV-2 e avalia se 'mistura' de BA.1 e BA.2 é mais transmissível.;Verdadeira
Até R$75 no pix agora! Promoção de aniversário Nu, participe agora!;Falsa
Vacina da dengue do Butantan tem resposta imune superior a 90%, segundo estudo clínico de fase 1.;Verdadeira
Monge previu em 2013 no Vaticano a pandemia do novo coronavírus.;Falsa
Anvisa reforça pedido ao governo para restringir voos e exigir vacinação completa de viajantes.;Verdadeira
Vacinação mata criança na Paraíba. Pai desesperado ao ver seu filho morto.;Falsa
Julgamento da Boate Kiss: 1º dia teve sorteio de jurados e depoimentos de duas sobreviventes.;Verdadeira
Povo do Cazaquistão derrubou o governo por não aceitar o passaporte da vacina.;Falsa
Mulher descongela geladeira e encontra corpo de bebê que estava escondido em sacola há um ano em Belo Horizonte.;Verdadeira
Não houve Gripe Espanhola: foi meningite bacteriana causada por vacinas;Falsa
Rodeio de Jaguariúna analisa 53 câmeras para apurar denúncia de estupro contra influencer em camarote.;Verdadeira
Somente vacinados morreram durante a gripe espanhola de 1918;Falsa
OMS espera ter respostas sobre variante do corona vírus ômicron em alguns dias’ e diz que países da África não podem ser penalizados.;Verdadeira
Seguradora recusou indenizar idoso que teria morrido de vacinação contra a COVID.;Falsa
Variante ômicron revela mais que o dobro de mutações que a delta.;Verdadeira
Triplamente vacinados estão desenvolvendo Síndrome da Imunodeficiência adquirida em ritmo alarmante segundo dados do Governo do Reino Unido.;Falsa
"Ômicron: 7 sintomas associados à nova variante do corona vírus:  Tosse seca, dependendo do caso, febre, suores noturnos, dores musculares, cansaço,  garganta ""arranhando"", pulsação alta e dependendo do caso.";Verdadeira
Personagem de quadrinhos Fantasma previu o surgimento do “Vírus da China” nos quadrinhos em 1957.;Falsa
Ômicron: Anvisa pede que Pfizer, Butantan, Fiocruz e Janssen apresentem dados sobre eficácia das vacinas contra a nova versão do Sars-Cov-2.;Verdadeira
Em capa da Time aparece soldado armado usando emblema da OMS.;Falsa
Ministério da Saúde confirma mais dois casos da ômicron no país. Ao todo, são cinco pessoas.;Verdadeira
Vacinas de mRNA não são seguras e não funcionam.;Falsa
Turistas desembarcam de ônibus e ignoram pessoa em situação de rua no RJ.;Verdadeira
Resultado positivo de Covid-19 em limão revela ineficácia dos testes.;Falsa
Jovem morta em praia de SC foi obrigada a cavar a própria cova, diz polícia;Verdadeira
Homem é dado como morto por Covid-19 ressuscita horas depois no Pará.;Falsa
Homem com projétil de canhão no reto faz hospital acionar equipe antibomba;Verdadeira
Jogador de futebol morreu em decorrência da vacina contra a Covid-19.;Falsa
Myrtle Corbin, nasceu com 4 pernas, em 1868.;Verdadeira
O menino morre de parada cardíaca após ser vacinado.;Falsa
Moraes manda investigar Bolsonaro por associar vacina à Aids em live.;Verdadeira
A polícia alemã joga fora a comida que seria doada para moradores de rua. Por não terem vacina ou serem recuperados, eles não podem receber as doações. Sim, chegamos ao pior do ser humano: a falta de humanidade.;Falsa
20 criminosos roubam mercado Extra e fazem reféns. Segurança é baleado.;Verdadeira
Nós temos 21 mil casos de miocardites nos EUA [Estados Unidos da América] que o CDC [Centro de Controle e Prevenção de Doenças].  Os riscos das vacinas são maiores que os riscos da Covid-19.;Falsa
Instituto Butantan tem 15 milhões de doses de CoronaVac paradas.;Verdadeira
Vacinas transformarão as pessoas em ‘antenas’ de sinal 5G.;Falsa
Resultado final de estudo da CoronaVac em Serrana, SP, aponta eficácia de 80,5% contra casos de Covid.;Verdadeira
Tem um estudo da Universidade da Columbia sobre o número de mortes atribuídas à vacina de Covid-19 que pode chegar a 400 mil pessoas.;Falsa
Brasil tem 115 mortes por Covid em 24h, média entra em queda.;Verdadeira
Presidente exigiu do TSE cumprimento de lei sobre voto impresso.;Falsa
Combinar 1ª dose da vacina de Oxford com 2ª dose da Pfizer é seguro e eficaz.;Verdadeira
Carnaval do Rio de Janeiro de 2022 não foi cancelado pela prefeitura.;Falsa
Adultos infectados com a variante identificada em Manaus têm 10 vezes mais vírus no corpo, aponta Fiocruz.;Verdadeira
Foto mostra Bolsonaro ao lado do seu amante Aristides!;Falsa
Vacinas da Pfizer e AstraZeneca são efetivas contra variante indiana do coronavírus após 2 doses.;Verdadeira
A prefeitura de Santa Etelvina do Guaíba (RS), hoje administrada pela esquerda, inaugurou anteontem um parque infantil ‘temático’ que possui como ‘inspiração’ a ideologia de gênero e, de acordo com o prefeito Fellipe Weissfüder Garcia (PRONA),  “vai auxiliar na educação sexual das crianças.;Falsa
Vacinas de Oxford e da Pfizer são eficazes contra variante brasileira do coronavírus identificada em Manaus.;Verdadeira
Cantora Joelma disse ter ficado com o sangue ‘estranho, escuro e com coágulos’ após receber vacina contra a Covid-19.;Falsa
Chile aprova uso da CoronaVac em crianças acima de 6 anos.;Verdadeira
Cartaz de filme antigo anuncia a variante ômicron.;Falsa
CoronaVac e Pfizer foram efetivas na redução de mortes e de casos de Covid-19 no Uruguai.;Verdadeira
Documentos da OMS vazam indicando novas cepas do Covid-19.;Falsa
Documento na CPI mostra que Pfizer procurou embaixada do Brasil nos EUA para ter resposta sobre oferta de vacina.;Verdadeira
Surgem casos de mortes na UPA da Tijuca por nova variante recém-nomeada ômicron.;Falsa
CoronaVac é segura e eficaz em crianças a partir de 3 anos, aponta estudo de fase 2 na China.;Verdadeira
Ômicron é mais severa com os vacinados. Segundo artigo do site ‘The expose’, apenas os, totalmente, vacinados devem temer a variante Covid-19 ômicron.;Falsa
Pfizer e BioNTech anunciam eficácia de 100% da vacina contra a Covid-19 em adolescentes.;Verdadeira
URGENTE: O Ministro da Saúde da África do Sul diz que o governo do Reino Unido, Europa e a mídia estão mentindo sobre a super variante Nu/ômicron. Não caiam na narrativa da mídia! Não há variante! Se trata de uma reação do corpo humano com as proteínas spike contidas nas vacinas, não há vírus!;Falsa
Bolsonaro quer desobrigar uso de máscara por vacinados. para especialistas, é uma temeridade.;Verdadeira
Mulher de 75 anos de idade tem aparência de 30!;Falsa
Chile começa a vacinar crianças entre 6 e 12 anos contra a Covid-19 com CoronaVac.;Verdadeira
O áudio de caixa-preta com os últimos momentos da cantora Marília Mendonça é real.;Falsa
Anvisa rejeita uso da vacina CoronaVac em crianças a partir de 3 anos e cobra mais dados.;Verdadeira
Homem desafia a morte rodando sobre as hélices de um helicóptero!;Falsa
Campeã de jiu-jitsu é primeira criança a ser vacinada no Rio de Janeiro.;Verdadeira
Dentes de esquilo para uma vista mais feminina, agora a última moda para o ano novo 2022. Feliz ano que desejamos, mas queridas.;Falsa
Enquanto o Ministério da Saúde recomendou que adolescentes sem comorbidades não sejam vacinados no Brasil, diversos países ao redor do mundo estão vacinando seus adolescentes e crianças.;Verdadeira
o termo “criado-mudo” foi criado na época da escravidão para designar o escravizado que tinha sua língua arrancada para ficar em silêncio ao lado da cama de seus “donos”!;Falsa
Anvisa autoriza vacina da Pfizer contra Covid-19 para adolescentes a partir dos 12 anos;Verdadeira
Lula diz em podcast que considera todo pobre 'imbecil e ignorante'.;Falsa
Cidade de SP deve começar a vacinar crianças contra Covid-19 no dia 17 de janeiro.;Verdadeira
Projeto de lei quer proibir partida de sinuca por considerar a prática racista.;Falsa
Ministério recua e tira adolescentes sem comorbidades da lista de vacinação contra a Covid-19.;Verdadeira
Carro faz ultrapassagem com apenas duas rodas em rodovia;Falsa
O Ministério da Saúde determinou, que a imunização de adolescentes de 12 a 17 anos contra a Covid-19 só deverá ser feita naqueles que tiverem deficiência permanente, comorbidades ou que estejam privados de liberdade.;Verdadeira
Mensagem que aponta seringa com tampa durante vacinação de Boris Johnson contra Covid-19.;Falsa
Pfizer e BioNTech anunciam que vacina é segura e induz resposta imune em crianças de 5 a 11 anos.;Verdadeira
Hospital francês usa manequim no lugar de paciente para simular surto da variante Ômicron.;Falsa
Cientistas testam o efeito e a segurança da aplicação de vacinas em quem tem menos de 12 anos.;Verdadeira
Variante Ômicron foi inventada para disfarçar efeitos colaterais das vacinas contra a Covid.;Falsa
Indígena de 8 anos é a primeira criança a receber dose de vacina infantil contra Covid-19 em SP.;Verdadeira
Cartaz de campanha de prevenção ao AVC em crianças na França tem relação com a vacina contra Covid-19.;Falsa
Covid-19: Pfizer diz que vacina é 91% eficaz em crianças de 5 a 11 anos.;Verdadeira
Número de hospitalizações de crianças quadruplicou em Nova York por causa da vacina contra a Covid-19.;Falsa
Terceira onda da pandemia no Ceará tem aumento abrupto de casos diários e baixa letalidade.;Verdadeira
Pfizer comprou fábrica de desfibriladores no interior da Bahia durante a pandemia do coronavírus.;Falsa
Anvisa autoriza vacina contra Covid da Pfizer para crianças de 5 a 11 anos.;Verdadeira
Fisioterapeuta do Incor sofreu infarto após tomar terceira dose da vacina em dezembro.;Falsa
Ceará ultrapassa 1 milhão de casos de Covid-19 desde o início da pandemia.;Verdadeira
Vacinas contra a Covid-19 são produtos de terapia gênica.;Falsa
'Excelente notícia', 'vitória' e 'vacina segura': especialistas apoiam uso da CoronaVac para crianças.;Verdadeira
Homem chora sobre corpo de criança morta após tomar vacina contra a Covid-19.;Falsa
Máscaras N95 e PFF2 devem ser fornecidas por empregadores a funcionários no Ceará.;Verdadeira
Pfizer adicionou trometamina secretamente à vacina da Covid-19 para crianças tratarem ataques cardíacos.;Falsa
Anvisa libera CoronaVac para crianças e adolescentes entre 6 e 17 anos, com veto a imunossuprimidos.;Verdadeira
Resolução isenta deputados, senadores e ministros do STF de tomar vacina.;Falsa
Santa Casa abre mais 10 leitos de UTI para atendimento da Covid-19 em Passos, MG.;Verdadeira
Boris Johnson dança com mulher com sabre de luz durante a pandemia.;Falsa
Covid: Maringá começa aplicação da vacina CoronaVac em crianças, diz secretário de Saúde.;Verdadeira
VEJAM O QUE FAZ A FOME. Avicultores, suinocultores são atacados na Argentina, pela população faminta. Nenhum negócio mais está seguro ali”. E a Argentina já é o sétimo país do mundo em miséria. O primeiro lugar está com a Venezuela. Mas a Argentina está na briga pelo primeiro lugar.;Falsa
A única forma de se gerar uma mínima interferência no Bluetooth seria através da implantação de um chip.;Verdadeira
HOJE FAZ 52 ANOS QUE A EX PRESIDENTE DILMA ROUSSEFF MATOU O SOLDADO MARIO KOZEL FILHO, JOGANDO UMA GRANADA NO PORTÃO DO QUARTEL GENERAL DO EXÉRCITO. SIM, TIVEMOS UMA TERRORISTA ASSASSINA COMO PRESIDENTE!”;Falsa
Não é possível implantar chip pela vacina no corpo humano.;Verdadeira
“COMBATE AO COVID-19: Farmácias italianas distribuem gratuitamente a hidroxicloroquina para pacientes com covid-19 tratados em casa”.;Falsa
Não existe qualquer possibilidade de uma pessoa que tome uma vacina contra Covid de qualquer fabricante estabeleça conexões bluetooth, wi-fi ou qualquer tecnologia.;Verdadeira
Em Matéria Exclusiva ao Fantástico Dr. Drauzio Varella revela: ‘Em 86% dos casos, a cirurgia ocular foi feita de maneira equivocada e sem necessidade. Para evitar e curar doenças oculares você precisa usar isto todos os dias às 09:00 horas!;Falsa
A comunicação via Bluetooth precisa de um equipamento porque nosso organismo não gera os sinais do Bluetooth nem os sinais de Wi-Fi, nenhum sinal desses de comunicação. Nós não somos geradores de sinais Bluetooth nem de Wi-Fi nem de nenhum sinal de rádio utilizado.;Verdadeira
Vejam o que foi encontrado em Goiânia. E ainda querem que acreditemos que a urna eletrônica é segura?;Falsa
Os sensores Bluetooth monitoram a refrigeração das vacinas.;Verdadeira
“Bomba atômica: vazam e-mails do Dr. Fauci, da Casa Branca, afirmando que o vírus chinês aparenta ser fruto de engenharia genética” - “[Em e-mail, Dr. Fauci afirmou a] inutilidade de máscaras”.;Falsa
"30% das pessoas que tiveram Covid-19 ainda apresentavam sintomas até nove meses após a infecção. ""A Covid-19 não precisa matar para destruir sua vida"".";Verdadeira
Mais de 3,4 mil páginas de e-mail — Troca de e-mail entre laboratório de Wuhan, Anthony Fauci, Bill Gates, Mark Zuckerberg, agência de fact-checking e outros agentes, virologistas. Esse vírus foi criado em laboratório. E que o doutor Fauci foi investidor para o ganho de função. O vírus tem um potencial destruidor natural.;Falsa
Fazer parte de um grupo de pessoas que opta por não tomar a vacina, permite que o vírus continue a se replicar.;Verdadeira
Gostaria de avisar a Folha e a UOL que vocês não estão brincando com moleques ou com os bandidos que vocês estão acostumados a lidar e que não aceitaremos, repito, não aceitaremos intimidações e difamações.;Falsa
Nenhum imunizante (contra nenhuma doença) é 100% livre de efeitos colaterais ou 100% eficaz.;Verdadeira
Todas as contas bancárias bloqueadas! Viva o socialismo. Muito triste! Não souberam votar, votaram na esquerda maldita.;Falsa
Embora nenhum imunizante seja 100% livre de efeitos colaterais ou 100% eficaz, recomenda-se tomar a vacina pelo fator de redução de risco.;Verdadeira
Hoje foi promulgada a nova constituição da Venezuela. Tiraram todos os direitos das pessoas: Não tem mais universidade privada, só pública. Todo mundo é funcionário do governo. Todos os bancos são agora estatal. As indústrias, o comércio, o comerciante… tudo na mão do governo. Controla tudo. O salário mínimo equivalente a 60 reais por mês.  Quem tiver mais de uma casa é do governo a segunda, terceira, quarta, quinta e assim por diante. Se tiver uma pessoa que tiver, que for seu vizinho, que não tiver casa, se ele quiser morar na sua casa… você tem que aceitar.;Falsa
Nenhum óbito até agora foi comprovadamente associado a qualquer dose contra a Covid-19.;Verdadeira
ACORDA, BRASIL!!! A máscara é só pra fazer teatro com a imprensa e tentar condenar o Presidente da República!!!;Falsa
Efeitos colaterais adversos da vacina se manifestam no máximo a dois meses do uso.;Verdadeira
O médico-chefe e cardiologista da equipe italiana confirmou via rádio italiana que Eriksen havia recebido a vacina Pfizer em 31 de Maio. Há especulações de que ele teve coágulo sanguíneo ou miocardite, nada ainda confirmado em relação à vacina, mas o questionamento é grande.;Falsa
Nos EUA, dos 75% dos adultos dizendo que queriam tomar a vacina. Número cai para cerca de 67% por conta de fake news.;Verdadeira
Japoneses encontram nanopartículas de mRNA no cérebro, coração, fígado, ovários, testículos e outras partes de vacinados.;Falsa
Novas remessas irão ampliar vacinação das comorbidades e imunizar trabalhadores de portos e aeroportos.;Verdadeira
Bunda de fora? Não teve! Depredação de patrimônio público? Não teve! Drogados? Não teve! Crucifixo no cool? Não teve! Sabe pq? Aqui é direita! É honestidade, é família, é amor, é Deus acima de todos! ;Falsa
Cloroquina é usado no tratamento da malária, do abscesso hepático amebiano devido a Entamoeba histolytica e doenças reumáticas como lúpus eritematoso sistêmico, artrite reumatoide, artrite idiopática juvenil e síndrome de Sjogren.;Verdadeira
Parabéns! Comemoração do 20º aniversário do Mercado Libre! Por meio do questionário, você terá a chance de ganhar um presente do Mercado Libre. Restam 78 presentes.;Falsa
Idosa recebe vacina contra gripe no lugar da segunda dose da CoronaVac, em Goiânia.;Verdadeira
GENOCÍDIO MUNDIAL: 13.867 mortos e 1.354.336 lesões provocadas pela vacinação afirma relatório da Eudra Vigilance.;Falsa
Sucuri é encontrada dentro de cano por moradores no Curió-Utinga, em Belém.;Verdadeira
A doutora Margareta Griesz-Brisson é uma médica neurologista alemã com PHD em farmacologia que atua na Alemanha e também na Inglaterra. Ela diz que o Covid nunca passou de uma gripe moderada e que as medidas para lidar com ele são absolutamente desastrosas. ;Falsa
Autoridade de saúde dos EUA decide que pessoas vacinadas contra o Covid-19 podem ficar sem máscara em ambientes abertos e fechados.;Verdadeira
Proteína spike em si é uma toxina e patogênica. Então, ao vacinar as pessoas, estamos inadvertidamente inoculando-as com uma toxina.;Falsa
Uso de cloroquina e hidroxicloroquina em nebulização é 'procedimento experimental' contra o coronavirus que depende de aprovação ética prévia, orienta CFM.;Verdadeira
Uma nova pesquisa mostra que a proteína de pico do coronavírus da vacinação COVID-19 entra inesperadamente na corrente sanguínea, o que é uma explicação plausível para milhares de efeitos colaterais relatados de coágulos sanguíneos e doenças cardíacas a danos cerebrais e problemas reprodutivos, disse um pesquisador canadense de vacinas contra o câncer na semana passada. ;Falsa
Após colisão no ar, piloto pousa, sem perceber, que o avião estava quase partido ao meio em Denver, nos EUA.;Verdadeira
O Instituto Tecnológico da Aeronáutica se ofereceu para fazer um protótipo das urnas eletrônicas com voto impresso. O Instituto de engenharia militar também se ofereceu ao TSE para que produzissem esse protótipo de voto impresso nas urnas eletrônicas. Eles não aceitaram, eles recusaram ajuda dos institutos. Sem motivo aparente.;Falsa
Número de mortos em Gaza sobe para 83 e Israel anuncia envio 'maciço' de forças de segurança para conter violência.;Verdadeira
"Preço [do botijão de gás] na Petrobrás: R$ 45,85
Frete + Distribuição + Lucro: R$ 14,15
Imposto Federal: R$ 0,85
ICMS Estadual: R$ 50,00
Entendeu agora quem é que está te roubando?";Falsa
"""Eu poderia ser um dos mortos"", diz brasileiro que escapou de tragédia em evento religioso em Israel.";Verdadeira
Dep. Talíria Petrone (PSOL-RJ) apresentou emenda pedindo FINANCIAMENTO PÚBLICO PRA CULTIVAR MACONHA. Se legalizarem, o povo poderá bancar a indústria das drogas.;Falsa
CPI da Covid começa nesta semana a ouvir ex-ministros da Saúde e Queiroga.;Verdadeira
A Índia acaba de reabrir o seu maior ponto turístico, o Taj Mahal, pois o covid foi controlado após a suspensão da vacinação em massa em maio de 2021 e a adoção da Ivermectin em todo país.;Falsa
Venezuela julga agentes envolvidos em violações dos Direitos Humanos.;Verdadeira
A Índia acaba de reabrir o seu maior ponto turístico, o Taj Mahal, pois o covid foi controlado após a suspensão da vacinação em massa em maio de 2021 e a adoção da Ivermectin em todo país (a Índia é um dos maiores produtores mundiais da ivermectina). Era um país de 1.400.000.000 de habitantes que estava incinerando cadáveres em praças públicas em abril-maio. Daí suspendeu a vacinação massiva, controlou completamente a COVID-19 ao ponto de poder reabrir o turismo.;Falsa
Colômbia: após militarizar país contra protestos, Duque recua e desiste de reforma tributária.;Verdadeira
O Exército brasileiro encontrou água em Caicó RN zona mais seca do Nordeste abastecera 3.000 familias vamos divulgar porque a midia lixo não faz.;Falsa
Projeto social 'Pescadores de Vida' arrecada alimentos e itens básicos em Salvador.;Verdadeira
O Brasil ignorou a 1ª oferta de vacinas da Pfizer em prol de uma oferta melhor em 2021.;Falsa
Covid na Índia: com 3,6 mil vítimas, país bate seu recorde de mortes em um dia.;Verdadeira
Cuba adotou com sucesso a cloroquina no tratamento de pacientes da COVID.;Falsa
Itália apresenta projeto para reconstruir arena do Coliseu de Roma.;Verdadeira
”Todas as pessoas vacinadas morrerão dentro de 2 anos” diz, prêmio nobel Luc Montagnier.;Falsa
Reino Unido tem plano para vacinar adolescentes a partir de 12 anos.;Verdadeira
O UNICEF sugeriu que a pornografia pode ser positiva para crianças.;Falsa
STJ decide que condomínio no RS pode proibir moradora de locar apartamento pelo Airbnb.;Verdadeira
Vacinados contra Covid podem ser detectados com tecnologia bluetooth.;Falsa
Ministério da Saúde recebe mais 2 milhões de doses da vacina Oxford/Astrazeneca e completa lote com 3,9 milhões de doses.;Verdadeira
Vacina contra Covid permite conexão de corpo vacinado com bluetooth.;Falsa
Câmara aprova urgência de projeto que abre caminho para privatizar os Correios.;Verdadeira
Pessoas vacinadas podem ser detectadas ou conectadas via bluetooth.;Falsa
Anvisa autoriza uso emergencial de coquetel de anticorpos contra Covid-19.;Verdadeira
Vacinados contra a Covid-19 podem ser detectados por Bluetooth.;Falsa
Servidores do Ibama denunciam que fiscalização ambiental está paralisada após decisão de Salles.;Verdadeira
A vacina pode prejudicar minha fertilidade.;Falsa
Brasil aplicou ao menos uma dose de vacina contra Covid em mais de 27 milhões de pessoas, aponta consórcio de veículos de imprensa;Verdadeira
Virologista do Einstein fez áudio criticando vacina contra Covid-19.;Falsa
Brasil chega a 378,5 mil mortos por Covid. país registrou 3.481 mortes em 24 horas.;Verdadeira
Vacinas contêm ímãs e causam magnetismo.;Falsa
Júri declara ex-policial Derek Chauvin culpado pela morte de George Floyd.;Verdadeira
Casos de mucormicose são decorrentes do uso de máscaras contra a Covid-19.;Falsa
Com mais seis mortes, total de óbitos pelo novo coronavírus sobe para 491 em Presidente Prudente.;Verdadeira
Enfermeiro morre de Covid-19 depois de receber a primeira dose da vacina.;Falsa
Campanha de vacinação contra a gripe acontecerá em 39 postos em Petrópolis, no RJ.;Verdadeira
Variantes do vírus causador da Covid-19 são criadas aleatoriamente por governos.;Falsa
Mais de 50 cachorros ficam sem lar em Rio Claro após donos morrerem de Covid-19.;Verdadeira
Flávio Dino serve bolo, sem máscara em festa em meio à pandemia.;Falsa
Mundo chega a 3 milhões de mortes por Covid com piora da pandemia na América do Sul.;Verdadeira
Christian Eriksen tomou vacina da Pfizer semanas antes de mal súbito em jogo da Eurocopa.;Falsa
Bharat diz ter entregado estudo que mostra 77% de eficácia da Covaxin. especialistas apontam desconfianças.;Verdadeira
Corpos de vacinados contra Covid podem ser detectados ou conectados por bluetooth.;Falsa
Covid: Se ritmo de vacinação não aumentar, Brasil pode ter 211 mil novas mortes até fim do ano, diz estudo.;Verdadeira
E-mail atribuído ao governo de SP promete sorteio para vacinação contra a Covid.;Falsa
Brasil registra 2.343 mortes por Covid em 24 horas. total passa de 507 mil.;Verdadeira
Fabricantes de vacina têm protocolo que preconiza aplicação no braço direito.;Falsa
Bombeiros voluntários também serão vacinados no Estado.;Verdadeira
Proteína spike contida nas vacinas é tóxica e patogênica.;Falsa
Secretaria da Saúde orienta suspensão de vacinação das gestantes e puérperas com dose da AstraZeneca.;Verdadeira
Imunizados com vacina mRNA não poderão viajar de avião.;Falsa
RS recebe novo lote de vacinas da Astrazeneca, com 353.250 doses.;Verdadeira
Israel fez pedido para interromper vacinação contra Covid-19 no mundo e que ele foi aceito por tribunal internacional.;Falsa
Trabalhadores da educação do RS serão imunizados com novos lotes de vacinas.;Verdadeira
Suprema Corte dos EUA anulou vacinação universal.;Falsa
Secretaria da Saúde e Cosems estimam vacinar até setembro, com primeira dose, toda a população até 18 anos.;Verdadeira
Pfizer desenvolve medicamento oral contra Covid-19 à base de hidroxicloroquina.;Falsa
Hidroxicloroquina é 40% menos tóxico do que a Cloroquina no tratamento contra a malária.;Verdadeira
Secretaria da Saúde de São Paulo envia email com formulário de controle e boleto para vacinação contra Covid-19.;Falsa
Média de vacinas aplicadas por dia despencou de 995 mil para 429 mil em apenas 2 semanas, uma redução de 57%. Brasil caiu de 4º para 8º entre os que mais vacinam no mundo diariamente.;Verdadeira
Mortes por Covid-19 crescem na Suíça, após país suspender uso da hidroxicloroquina.;Falsa
Petrobras oficializa general Joaquim Silva e Luna para a presidência da empresa.;Verdadeira
Pessoas desmaiam nas ruas após tomarem a vacina Covaxin, na Índia.;Falsa
Laudo diz que parte do material apreendido com falsa enfermeira que teria vacinado empresários em BH é soro fisiológico.;Verdadeira
Mistura de laranja, limão, gengibre, maçã, cará e babosa cura a Covid-19.;Falsa
Anvisa autoriza testes da vacina indiana Covaxin no Brasil.;Verdadeira
Você sabia que 2% de toda arrecadação do veículo do Mercosul será destinado para a entidade Internacional do Mercosul RENAC, você sabe o que é a RENAC? Não sabe e por que não sabe? Por que tudo que os Comunistas fazem faz nas sombras e você vota e os apoia sem cobrar ou questionar. RENAC é Reconstrucción Nacional de Cuba.;Falsa
Governo economiza R$ 304 milhões com serviços de computação em nuvem.;Verdadeira
Ativista ambiental sueca Greta Thunberg disse para os chineses pararem de derrubar árvores para fazer pauzinhos, mas foi avisada que o hashi é feito de bambu: Estava quieta. Deveria ficar calada. Greta Tunberg convidou os chineses para pararem de usar seus palitos tradicionais e salvar centenas de árvores. Os chineses aconselharam Greta Thunberg a regressar à escola, onde ela aprenderá que os palitos são feitos de bambu, e que o bambu é uma planta, não uma árvore. E aconselharam que ela parasse de limpar o rabo com papel higiênico porque na verdade é feito de madeira!;Falsa
Destituição de juízes em El Salvador acende alarme sobre autoritarismo do presidente.;Verdadeira
Mortes por Covid-19 aumentaram na Suíça depois que país suspendeu uso da hidroxicloroquina.;Falsa
Aluno de 18 anos obtém a maior pontuação de matemática do Enem 2020 entre 2,7 milhões de candidatos.;Verdadeira
STF autorizou ativação de 'centros de detenção' para pessoas que não se vacinarem.;Falsa
Apostador não aparece e perde prêmio de R$ 162,2 milhões da Mega da Virada.;Verdadeira
MAIS UM EXEMPLO, PREFEITO DE MIRACATU/SP, VINÍCIUS BRANDÃO, ADOTA TRATAMENTO PRECOCE E ZERA FILAS DE LEITOS DE UTI.;Falsa
Poste de madeira de 30 metros cai em campo de futebol e atinge residência em BH.;Verdadeira
Médico analisou 1.500 testes positivos de Covid-19 e não detectou o vírus causador da doença em nenhum.;Falsa
Quase 100 policiais feridos e mais de 300 pessoas detidas no 1º de maio em Berlim.;Verdadeira
Manifestantes entram em confronto com a polícia na Argentina em razão de restrições impostas na pandemia.;Falsa
Protesto, show, praia: fim de semana tem aglomerações no Brasil e no mundo.;Verdadeira
"""Água da torneira testa positivo para Covid-19"". A população foi enganada, esses testes foram fabricados na China.";Falsa
Estudante encontra perereca em salada do Outback e reclama nas redes.;Verdadeira
Áudio que incita golpe militar foi gravado por ministra Damares.;Falsa
CoronaVac: 9 capitais suspendem 2ª dose da vacina. mais 7 têm estoque baixo.;Verdadeira
Pauta para Covid da rede globo lista orientações na cobertura da pandemia: como a proibição de mencionar outras doenças e mortes por outras causas.;Falsa
Vacina com IFA brasileiro poderá sair em outubro, diz presidente da Fiocruz.;Verdadeira
Estudo da Universidade de Stanford indicou que máscaras são ineficazes contra Covid-19.;Falsa
Brasil registra 1.202 novas mortes por covid em 24 h, segundo ministério.;Verdadeira
OMS recomendou Ivermectina para tratar a Covid-19.;Falsa
Pernambuco totaliza 409.493 casos de Covid e 14.180 óbitos após confirmar mais 730 infectados e 52 mortes.;Verdadeira
Pessoa fica com imunidade mais baixa após tomar vacina e tem risco aumentado de contrair Covid-19.;Falsa
Governo prorroga toque de recolher e proibição de eventos em toda a Bahia até 10 de maio.;Verdadeira
Cebola e alho batidos com água cura fibrose pulmonar causada pela Covid-19.;Falsa
Amazonas registra 412 novos casos e confirma cinco mortes.;Verdadeira
Hospital vazio na Paraíba, revela farsa da Covid-19.;Falsa
Pesquisadores do Espírito Santo tentam salvar tatu-canastra em extinção;Verdadeira
Foto aérea mostra multidão em protesto contra restrições na pandemia em Londres.;Falsa
Porto Alegre tem mais de 61,8 mil pessoas com a segunda dose da CoronaVac atrasada.;Verdadeira
Filha de Maria do Rosário passou oito anos cursando ciências sociais na UFRGS e fez TCC enaltecendo visitas íntimas nas prisões.;Falsa
Estados não sabem raça de mais de 1/3 dos mortos pela polícia em 2020. dados disponíveis mostram que 78% das vítimas são negras.;Verdadeira
O Pentágono atestou que vídeos vazados da marinha norte-americana mostrando pirâmide luminosa no céu são mesmo de discos voadores.;Falsa
Eva Wilma estuda texto de novo filme em UTI do Hospital Albert Einstein em SP. atriz está internada para se tratar de problemas cardíacos e renais.;Verdadeira
Na manhã de hoje (30), após meses de procuras os 3 jovens de Belford Roxo foram encontrados em um terreiro de macumba de propriedade de Winnie Bueno. Após psicológico traumatizada as crianças relataram que estavam sendo preparadas para um sacrifício de macumba, as crianças abaladas afirmaram que não queriam morrer e que em todo momento pediam para que possam ir embora porém Winnie batia neles e os maltratava.;Falsa
Renan Dal Zotto passa por cirurgia vascular devido a uma trombose.;Verdadeira
Mídia inventa enterros de mortos por Covid-19: Olha a mídia aí que mostra o que interessa do jeitinho deles. Continua mesmo vendo redeglobo. Nego inventa até enterro.;Falsa
Guedes vê 'desacertos', mas diz que orçamento deste ano preserva responsabilidade fiscal.;Verdadeira
Na DrogaRaia tem! Prezados clientes, é com enorme satisfação que anunciamos o início dos agendamentos para vacinação Particular contra a Covid-19. Somente 20 vagas por dia! Agende agora seu horário. Agilidade e comodidade! CoronaVac – R$225,00. Pfizer – R$ 295,00. Jensen (Dose Única) – R$379,50.;Falsa
Com alta real de 18,5%, arrecadação de impostos soma R$ 137,9 bi em março, recorde para o mês.;Verdadeira
1920 estádio das Laranjeiras, em plena gripe espanhola, sabe qual a diferença??? Não tinha imprensa canalha e nem políticos corruptos.;Falsa
RJ é o estado que mais registrou denúncias de violência contra crianças e adolescentes para cada 100 mil habitantes.;Verdadeira
Olá. Olha, vê se vc tem direito: o programa Merenda em Casa ta pagando um auxílio que varia de R$55 à R$120 reais todo o mês para pais e mães de crianças que estudam. Ele é pra ajudar na compra de alimentos para refeição. E o depósito cai em 3 dias na conta. Para solicitar basta se *cadastrar aqui.;Falsa
Defesa de Monique Medeiros pede que promotor público acompanhe investigações do caso Henry.;Verdadeira
O caso da cidade de Serrana, interior paulista, é dos mais emblemáticos: a população inteira da cidade foi vacinada com a coronavac e logo em seguida quadruplicou o registro de óbitos por covid no município.;Falsa
Prefeito Rafael Greca sofre AVC e é internado em Curitiba.;Verdadeira
VALE GÁS SOCIAL 2021. Em decorrência do aumento excessivo do preço do gás de cozinha, O GOVERNO está liberando o VALE GÁS SOCIAL no valor de R$110/mês por família. Tem direito a receber o benefício pessoas de baixa renda, aposentados, beneficiários do auxílio emergencial e bolsa família. SOLICITE O SEU ATRAVÉS DO APP SOCIAL.;Falsa
Bruno Covas segue em tratamento contra câncer e não tem previsão de alta, diz boletim médico.;Verdadeira
Já são 52 cidades com zero casos de morte por vírus chinês, graças a ivermectina e hidroxocloroquina no tratamento precoce. #AxelGrael queremos tratamento precoce nos postos de saúde!;Falsa
Gilmar Mendes suspende três ações da Lava Jato contra Arthur Lira por improbidade.;Verdadeira
Criador do “ele não”, Pedro Henrique Barbosa, foi condenado a 90 anos de prisão por violentar sexulamente crianças portadoras de autismo.;Falsa
Anvisa pede a ministro suspensão do prazo para decidir sobre importação da vacina Sputnik V.;Verdadeira
A Covid -19 está vencida. A Covid-19 como nós conhecemos hoje acabou. Os pacientes estavam indo para o tubo e todos, sem exceção, estão se recuperando. Agora só nos resta preparar a logística para a distribuição. Essa medicação é a flutamida, de 250 mg, dada a cada oito horas durante sete a 14 dias, dependendo da evolução do paciente. Essa é a vitória sobre a Covid-19. A impressão que dá é que os receptores de androgênio participam de uma maneira muito grande sobre a gênese dessa doença e das reações. E o bloqueio desses receptores de androgênio causam uma reviravolta assombrosa nos casos. Em 24, 48 horas, o paciente deixa de avançar em direção ao fundo do poço, em direção ao tubo.;Falsa
Grávidas com doenças prévias têm vacina contra a Covid-19 negada em SP e secretário muda orientação sobre grupo prioritário.;Verdadeira
Hospital informa que a paciente entrou em óbito por Covid. Chama a funerária, joga no caixão e manda enterrar. Os familiares desconfiam e vão conferir. Resultado: a paciente estava VIVA dentro do caixão!!!!;Falsa
Após City, Manchester United, Arsenal, Liverpool e Tottenham também deixam a Superliga.;Verdadeira
Em entrevista um médico afirma que as novas variantes do coronavírus estariam provocando hepatite em pacientes.;Falsa
Piloto morre e outros dois ficam feridos em acidente com jatinho no aeroporto da Pampulha.;Verdadeira
COVIDÃO/RN: MINISTÉRIO PÚBLICO FEDERAL PEDE O AFASTAMENTO DA GOVERNADORA FÁTIMA BEZERRA (PT) E DO SECRETÁRIO DE SAÚDE CIPRIANO MAIA (PT). O Ministério Público Federal do Rio Grande do Norte, solicitou a abertura de Inquérito Civil contra a Governadora Fátima Bezerra e o Secretário de Saúde do Estado, Cipriano Maia, por ato de improbidade administrativa, na contratação por dispensa de licitação da Empresa A C Comercio de Produtos de Limpeza – EPP, que fica sediada na Rua Jose Peixoto – s/n, Bairro Emaús – Parnamirim (RN), na aquisição de R$ 1.318.900,00 em sacos plásticos hospitalares.;Falsa
Filha de Fabrício Queiroz é nomeada para cargo no RJ e é exonerada 2 dias depois.;Verdadeira
Essa é a ditadura chinesa. Lá, quem não toma vacina, é tratado dessa forma aqui. Pistolas 9 milímetros, olha aí. Ouçam os tiros no fundo. Inocentes sendo executados porque se recusam a aceitar as ordens do governo, da ditadura chinesa comunista!;Falsa
Ambientalistas pedem à Câmara que vote compromisso pela redução de gases do efeito estufa.;Verdadeira
Essa bandeira vermelha tremulada nesse mastro aí é a bandeira da China. Só que eu não tô na China. Eu to no Brasil. Alguma coisa precisa ser feita urgente! Acorda Brasil, enquanto ainda dá tempo!;Falsa
Leonardo DiCaprio, Katy Perry, Gilberto Gil e outros artistas pedem a Biden que recuse acordo ambiental com Brasil.;Verdadeira
FORA NIKE! NIKE LANÇA COLEÇÃO DE TENIS SATANISTA CRIADA PELO HAPPER AMERICANO ‘LIL NAS X’, LIMITADA A 666 PARES, COM SIMBOLOS COMO PENTAGRAMA, VERSICULO LUCAS 10.38, CRUZ INVERTIDA E ATÉ GOTA DE SANGUE HUMANO” NOSSA LUTA NÃO É IDEOLÓGICA, É ESPIRITUAL!;Falsa
Justiça suspende decretos da Prefeitura do Rio com medidas restritivas contra a Covid-19.;Verdadeira
Parabéns! Coca Cola Celebração do 20º aniversário! Parabéns! Hoje, 20 abril, 2021, Você tem muita sorte de ser selecionado para nossa pesquisa. Em apenas um minuto, você receberá um prêmio maravilhoso! Preparamos algumas recompensas para quem participa da pesquisa.;Falsa
Condenação de Derek Chauvin pela morte de George Floyd leva centenas às ruas nos EUA.;Verdadeira
PREFEITO DE PACAJUS, AFIRMA QUE CAMILO SANTANA NÃO ESTÁ DEIXANDO OS PREFEITOS USAR AS VACINAS.;Falsa
Cabra tem quíntuplos na zona rural de Montes Claros.;Verdadeira
Durma-se com um barulho desse: Viúva de Che Guevara recebe do Brasil, aposentadoria por viuvez já há 10 anos.;Falsa
Homem é preso após descumprir medida protetiva e perseguir mulher em Pedro Afonso.;Verdadeira
Aqui na cidade que a gente mora para cada diagnóstico de Covid-19, a prefeitura embolsa R$ 8 mil e R$ 1 mil para o médico que dá o diagnóstico. Porque se o médico, que é a ponta do iceberg, não realizar o diagnóstico, não tem como a prefeitura receber R$ 8 mil do governo federal e para cada óbito, e geralmente o óbito também é assinado por esse mesmo médico, a prefeitura recebe R$ 18 mil.;Falsa
Argentino viajou 23h de táxi até o Brasil para se apresentar ao CRB.;Verdadeira
Surge um novo Nordeste. Esta é a BR 230 que liga Campina Grande a João Pessoa. Totalmente asfaltada pelo batalhão de engenharia do exército brasileiro.;Falsa
Homem de 29 anos morre após explosão em churrasqueira no interior de SP.;Verdadeira
Padre Marcelo Rossi gravou áudio com apologia a golpe militar.;Falsa
Pressão política atrasa vacinação de idosos no Brasil, diz pesquisa da USP.;Verdadeira
Prefeitura de Sorocaba anuncia eficácia de 99,19% de recuperados da covid com o tratamento precoce com ivermectina e azitromicina.;Falsa
Colômbia detecta variantes britânica e brasileira do coronavírus.;Verdadeira
O navio que encalhou no canal de Suez estava traficando crianças e armas.;Falsa
Adolescente é apreendido suspeito de cometer assalto usando pistola de cola quente em MT.;Verdadeira
O comediante Paulo Gustavo foi punido pela Justiça Divina após zombar de Jesus.;Falsa
Agricultor aprende sozinho a tocar quatro instrumentos musicais em Orós, no interior do Ceará.;Verdadeira
87 mil candidatos foram reprovados no Enem por terem usado pronome neutro na redação final do Exame Nacional do Ensino Médio.;Falsa
Astronautas voltam à Terra após quase sete meses em estação espacial.;Verdadeira
Celebração do 60º aniversário do Magazine Luiza. Muitos presentes requintados, bem como mais de 1000 unidades de relógios inteligentes e dispositivos móveis. Tudo o que você precisa fazer é abrir a caixa de presente correta. Você tem 3 tentativas, boa sorte!;Falsa
Classe média 'encolhe' na pandemia e já tem mesmo 'tamanho' da classe baixa.;Verdadeira
"16 Cidades listam casos sem morte nem internação por Covid-19 após adoção de tratamento precoce com ""kit Covid"", que é um coquetel de alguns remédios, entre eles hidroxicloroquina, cloroquina, ivermectina e azitromicina.";Falsa
Novo estudo descarta elo entre tipo sanguíneo e a incidência de Covid.;Verdadeira
Ministros do STF não podem mudar voto durante julgamento.;Falsa
Corpo de Philip, marido da Rainha Elizabeth, é colocado no jazigo da família real britânica.;Verdadeira
Multidão em Buenos Aires, na Argentina protesta contra medidas de isolamento na pandemia;Falsa
Mortes de grávidas e de mães de recém-nascidos por Covid dobram e estão acima da média da população em geral, aponta levantamento.;Verdadeira
Senado italiano aprovou 'tratamento precoce' contra Covid-19.;Falsa
Brasil supera 369 mil mortos por Covid. estados registram 3.070 mortes em 24 horas.;Verdadeira
Cemitério encena enterro falso a fim de aumentar os números de mortes por Covid-19 no Brasil.;Falsa
Helen McCrory, atriz de 'Peaky Blinders' e 'Harry Potter', morre aos 52 anos.;Verdadeira
Critério mudou e que doses da vacina contra a Covid-19 são enviadas aos municípios de SP de acordo com os cadastros do site Vacina Já.;Falsa
Semana Santa: comerciantes apostam em vendas de peixe por delivery em Natal.;Verdadeira
Quase toda a população de Serrana já foi imunizada e ainda assim mortes por Covid-19 explodiram na cidade.;Falsa
Tratamento precoce, crise do oxigênio e vacinação lenta: veja trajetória de Pazuello no Ministério da Saúde.;Verdadeira
Israel suspende obrigatoriedade de máscaras ao ar livre neste domingo.;Falsa
Portugal retoma voos com Brasil e Reino Unido, mas só para viagens essenciais.;Verdadeira
Anvisa liberou Ivermectina e ainda ampliou sua dosagem para tratamento de Covid-19.;Falsa
Maior produtor mundial de vacinas pede a Biden que encerre embargo de matérias-primas.;Verdadeira
Família e amigos da vítima dizem que, na verdade, ela está viva e se mexendo dentro do caixão durante velório em São Paulo.;Falsa
Governadores pedem à ONU 'ajuda humanitária' para compra de vacinas e kits intubação.;Verdadeira
Policiais franceses protestam contra as medidas sanitárias para barrar a Covid-19.;Falsa
Estudo final comprova eficácia de 62,3% da CoronaVac em intervalo maior de 21 dias entre as doses.;Verdadeira
Chapecó zerou internações em UTIs por Covid-19 depois de adotar tratamento precoce.;Falsa
Chile afirma que Coronavac tem 80% de efetividade contra mortes por Covid e 89% contra casos graves.;Verdadeira
Repórter com macacão e cinegrafista sem proteção revela farsa da Covid-19 propagada pela mídia.;Falsa
Mortes de jovens entre 20 e 29 anos por Covid-19 crescem quase 4 vezes no estado de SP entre fevereiro e março.;Verdadeira
Gleisi Hoffmann disse que seca no Nordeste é 'quase um patrimônio' do país e 'não deve ser destruída'.;Falsa
Senadores do Partido Democrata pedem a Joe Biden que não dê dinheiro ao Brasil caso desmatamento não diminua.;Verdadeira
Banhistas expulsam guardas municipais da praia durante a pandemia.;Falsa
Cármen Lúcia será relatora de pedido de investigação do ministro Ricardo Salles.;Verdadeira
Ciclistas descumprem restrições e ficam pelados em praia do Rio de Janeiro à noite.;Falsa
Raúl Castro se aposenta.;Verdadeira
STF autorizou abertura de 'campos de concentração' para pessoas que recusam vacinação contra Covid-19.;Falsa
Polícia encontra câmera na caixa dentro do quarto de Henry Borel.;Verdadeira
Ivete Sangalo ignora pandemia e aglomera em almoço de família durante a pandemia de Covid-19.;Falsa
Primeiro milhão de doses de vacinas da Pfizer tem chegada prevista para o próximo dia 29.;Verdadeira
Prefeituras e médicos que diagnosticam casos de Covid-19 ou atestam óbitos pela doença recebem dinheiro a mais por cada paciente.;Falsa
Moraes pede vista e suspende julgamento no STF sobre decretos das armas.;Verdadeira
Decisão do STF proíbe Bíblia em escolas e bibliotecas públicas.;Falsa
Em Minas Gerais, mortes de crianças abaixo de 1 ano causadas pela Covid-19, cresceram 72% em março.;Verdadeira
Paulo Guedes gastou 120 mil reais em Viagra.;Falsa
Auxílio Emergencial 2021: trabalhador poderá saber se tem direito ao benefício só a partir desta sexta.;Verdadeira
Posto de gasolina devolve dinheiro do imposto para cliente!;Falsa
Com aumento de 91% em 14 dias, estado de SP registra média diária de 890 mortes por Covid-19 nesta quinta-feira.;Verdadeira
O ator indiano Amir Khan doou pacotes de 1 quilo de farinha com 15 mil rúpias dentro.;Falsa
EUA têm recorde de mortes em 2020. Covid é a 3ª principal causa.;Verdadeira
Cidade de MG zera internações e não tem morte por Covid-19 após investir no tratamento com invermectina e azitromicina.;Falsa
66.868 despedidas: Brasil termina pior mês da pandemia com recorde de mortes em dois terços do país.;Verdadeira
Empresário de Cuiabá vão fretar avião para tomar Sputnik V em Cuba. R$ 30 mil por cabeça.;Falsa
João Acaiabe e Gésio Amadeu: em 8 meses, os dois Chefs Chicos, de 'Chiquititas', morrem vítima de Covid-19.;Verdadeira
Cientistas brasileiros descobriram que a proxalutamida cura a COVID-19.;Falsa
Cantor Orlando Morais, marido de Glória Pires, recebe alta de hospital em Brasília.;Verdadeira
Calendário de vacinação contra Covid-19 de pessoas entre 55 a 74 anos em março.;Falsa
Polícia faz reconstituição da morte do menino Henry Borel.;Verdadeira
Será que essa moeda é mesmo francesa e possui a figura de um OVNI?;Falsa
Fome e pandemia nas favelas: 'Meus netos comem menos para eu almoçar'.;Verdadeira
Meninos desaparecidos em Belford Roxo foram encontrados em 'terreiro de macumba de Winnie Bueno'.;Falsa
Governo de SP lança site para cadastro obrigatório de profissionais de escolas que serão vacinados contra Covid-19 a partir de 12 de abril.;Verdadeira
Mulher ainda viva e mexendo os braços sendo ensacada e considerada morta por Covid-19.;Falsa
Baleia cinzenta e redução das infecções por covid-19 reavivam o turismo náutico mexicano.;Verdadeira
O Rover Perseverance atropelou e matou a única forma de vida em Marte.;Falsa
"Brasileiras na Alemanha reagem a suspensão da aplicação da vacina AstraZeneca: ""confusão e frustração"".";Verdadeira
Redução no número de óbitos por Covid-19 em SP ocorreu por causa de represamento de dados.;Falsa
Com 3.869 novas mortes em 24h, Brasil bate recorde.;Verdadeira
Nebulização de hidroxicloroquina auxilia no tratamento de pacientes com Covid-19.;Falsa
Jacaré-tinga é capturado em quintal de casa em Rorainópolis, Sul de Roraima.;Verdadeira
Pesquisa de satisfação é realizada em nome da plataforma de vendas Shopee.;Falsa
Projeto que cria 'Auxílio Empreendedor' de R$ R$ 300 é aprovado pela Câmara.;Verdadeira
Cronograma que mostra datas de vacinação contra a Covid-19 para todas as faixas etárias em SP.;Falsa
Fotógrafo de Lins com mais de 150 mil seguidores morre de Covid-19.;Verdadeira
Gravação em hospital mostra 'teatro da Covid-19' no Ceará.;Falsa
Amazonas suspende recepção de pacientes com Covid de outros estados.;Verdadeira
Saque a supermercado em Salvador em 2021 durante medidas de isolamento social.;Falsa
Justiça decide que CRM-MT deve exigir revalidação de diploma para médicos formados no exterior.;Verdadeira
Fumaça preta vista em crematório de Porto Alegre seja resultado do acúmulo de mortos por Covid-19.;Falsa
Comércio não essencial pode abrir em Avaré a partir desta quarta-feira.;Verdadeira
Fábio Porchat usou R$ 5 milhões da Lei Rouanet para financiar 'Meu passado me condena' e não prestou contas.;Falsa
Médico da Saúde do RJ diz que 'terceira onda' da Covid tem 80% da nova variante.;Verdadeira
Governadores descartam propositalmente respiradores novos para piorar a pandemia e desgastar a imagem do governo federal.;Falsa
Trabalhador com baixa escolaridade deve ser o mais afetado no pós-pandemia, aponta estudo.;Verdadeira
Fiocruz tem sugerido inalação com água sanitária a pessoas com suspeita de Covid-19.;Falsa
Anvisa impõe autorização prévia para exportação de remédios do 'kit intubação'.;Verdadeira
Fiocruz tem fabricado vacina brasileira com ajuda de Israel em sigilo.;Falsa
Vacina da Pfizer é eficaz em adolescentes de 12 a 15 anos, apontam testes.;Verdadeira
Infectologistas de todo o país foram obrigados a assinar documento contra tratamento precoce para Covid-19.;Falsa
Brasil pode igualar nº de mortes por covid de 2020 em maio.;Verdadeira
Homem aparece fumando dentro de saco mostra fraude com mortos na pandemia.;Falsa
Butantan investiga se variante do coronavírus semelhante à sul-africana identificada no interior de SP pode ser evolução da P.1.;Verdadeira
Multidão em protesto contra morte de PM na Bahia.;Falsa
Anvisa avalia pedido do Ministério da Saúde para importar a Covaxin.;Verdadeira
Máscaras podem causar danos neurológicos irreversíveis.;Falsa
Com Covid-19 em alta, Macron endurece confinamento na França e fala em 'fim do túnel' com vacinas.;Verdadeira
Governo de São Paulo anunciou corte no fornecimento de energia entre 0h e 6h para reforçar isolamento.;Falsa
Vacina da Janssen contra a Covid é aprovada para uso emergencial no Brasil pela Anvisa.;Verdadeira
Crianças fogem de vacinação forçada na África.;Falsa
Tratamento precoce do 'Kit covid' é kit ilusão: dados apontam riscos e falta de eficácia do suposto tratamento.;Verdadeira
Taxa de mortalidade aumentou em Israel após aplicação da vacina da Pfizer contra a Covid-19.;Falsa
Grupo de policiais faz protesto na região do Farol da Barra após morte de PM em Salvador.;Verdadeira
500 pessoas morreram após tomar vacina contra a Covid-19 no país.;Falsa
Brasil vive o pior colapso sanitário e hospitalar de sua história, aponta Fiocruz.;Verdadeira
Mulher tem convulsão na Argentina logo após tomar vacina contra a Covid-19.;Falsa
Covid-19: SP, RS, SC, PR e MS batem recorde de mortes registradas em 24 horas.;Verdadeira
Mais de 20 óbitos em 24h por reações a vacinas registrados pela Anvisa.;Falsa
Implementação das vacinas contra a COVID-19 é ampliada nas Américas.;Verdadeira
Cloroquina foi recomendada em 1918 como tratamento contra a gripe espanhola.;Falsa
Mesmo as pessoas vacinadas devem continuar praticando o distanciamento social, usando máscaras e evitando grandes aglomerações.;Verdadeira
Jovem morre logo após tomar a vacina contra a Covid-19 em Israel.;Falsa
Novo estudo feito por pesquisadores de Israel aponta que vacinação de grávidas contra covid19 pode proteger bebês.;Verdadeira
Morte de médico após primeira dose da vacina revela ineficácia da Coronavac.;Falsa
Vacina da Pfizer tem eficácia de 85% já na primeira dose.;Verdadeira
Estudo prove que máscaras acumulam micróbios capazes de causar câncer.;Falsa
Israel tem a maior taxa de vacinação do mundo, com 98,85 doses administradas por cada 100 habitantes.;Verdadeira
Taxa de mortalidade aumentou em Israel após aplicação da vacina da Pfizer contra a Covid-19.;Falsa
Mercados de Paripe e 7 Portas funcionam até 12h na Sexta-Feira Santa.;Verdadeira
Criatura similar a um lobisomem é encontrada em cidade da Bahia.;Falsa
Dupla é detida após invadir casa e roubar dinheiro em Araçatuba.;Verdadeira
Pessoas na Argentina estão perdendo suas propriedades para movimentos sociais com o aval do governo.;Falsa
Câmara de Mongaguá, SP, aprova projeto que prevê multa de R$ 200 a quem não usar máscara.;Verdadeira
Governador de Sergipe faz decreto abolindo o direito à propriedade privada.;Falsa
Minas Consciente: macrorregião Oeste segue na Onda Roxa pelo menos até 11 de abril.;Verdadeira
Governador de Sergipe disse que quem descumprir toque de recolher levará 'porrada da polícia'.;Falsa
Servidora suspeita de falsa aplicação de vacina contra Covid em idosa de 83 anos será investigada em MS.;Verdadeira
Policiais se recusando a enfrentar manifestantes contra o lockdown na Itália.;Falsa
Com mais 32 mortes por Covid-19, Campinas chega a 2.392 vidas perdidas.;Verdadeira
O país não registrou nenhum caso de dengue em 2021.;Falsa
Não há, até o momento, mudanças na relação risco-benefício das vacinas em uso no país contra Covid-19. Os dados públicos de notificações das vacinas não indicam qualquer relação com eventos adversos graves ou óbitos no país.;Verdadeira
